,enfermidade,cobertura
0,Tuberculose,2899.11
12,Sarampo,2691.5425000000005
14,Rubéola,2636.65
11,Rotavírus,1315.5700000000002
3,Febre_Amarela,1108.1200000000001
6,Hepatite_B,1085.2725
10,Poliomielite,1062.4575
7,Meningite,1012.53
4,Influenzae,912.23
8,Coqueluche,853.6299999999999
2,Difteria,796.12625
9,Pneumonia,722.1000000000001
5,Hepatite_A,604.0099999999999
1,Tétano,575.50234375
13,Caxumba,411.95000000000005
